{
    "accuracy": 0.7814814814814814,
    "precision": 0.765236706842987,
    "recall": 0.7814814814814814,
    "f1_score": 0.7573500476859945,
    "support": 270,
    "detailed_report": {
        "4": {
            "precision": 0.0,
            "recall": 0.0,
            "f1-score": 0.0,
            "support": 1.0
        },
        "6": {
            "precision": 0.0,
            "recall": 0.0,
            "f1-score": 0.0,
            "support": 1.0
        },
        "7": {
            "precision": 0.0,
            "recall": 0.0,
            "f1-score": 0.0,
            "support": 1.0
        },
        "11": {
            "precision": 1.0,
            "recall": 1.0,
            "f1-score": 1.0,
            "support": 9.0
        },
        "12": {
            "precision": 0.0,
            "recall": 0.0,
            "f1-score": 0.0,
            "support": 2.0
        },
        "13": {
            "precision": 0.8666666666666667,
            "recall": 0.9285714285714286,
            "f1-score": 0.896551724137931,
            "support": 14.0
        },
        "14": {
            "precision": 0.9782608695652174,
            "recall": 1.0,
            "f1-score": 0.989010989010989,
            "support": 45.0
        },
        "16": {
            "precision": 0.9666666666666667,
            "recall": 1.0,
            "f1-score": 0.9830508474576272,
            "support": 29.0
        },
        "19": {
            "precision": 0.9583333333333334,
            "recall": 1.0,
            "f1-score": 0.9787234042553191,
            "support": 69.0
        },
        "20": {
            "precision": 0.0,
            "recall": 0.0,
            "f1-score": 0.0,
            "support": 0.0
        },
        "21": {
            "precision": 1.0,
            "recall": 1.0,
            "f1-score": 1.0,
            "support": 3.0
        },
        "22": {
            "precision": 0.0,
            "recall": 0.0,
            "f1-score": 0.0,
            "support": 0.0
        },
        "24": {
            "precision": 0.0,
            "recall": 0.0,
            "f1-score": 0.0,
            "support": 1.0
        },
        "25": {
            "precision": 1.0,
            "recall": 1.0,
            "f1-score": 1.0,
            "support": 4.0
        },
        "26": {
            "precision": 0.0,
            "recall": 0.0,
            "f1-score": 0.0,
            "support": 1.0
        },
        "27": {
            "precision": 0.0,
            "recall": 0.0,
            "f1-score": 0.0,
            "support": 1.0
        },
        "28": {
            "precision": 0.0,
            "recall": 0.0,
            "f1-score": 0.0,
            "support": 1.0
        },
        "29": {
            "precision": 0.0,
            "recall": 0.0,
            "f1-score": 0.0,
            "support": 1.0
        },
        "30": {
            "precision": 0.0,
            "recall": 0.0,
            "f1-score": 0.0,
            "support": 1.0
        },
        "31": {
            "precision": 0.0,
            "recall": 0.0,
            "f1-score": 0.0,
            "support": 0.0
        },
        "32": {
            "precision": 1.0,
            "recall": 0.3333333333333333,
            "f1-score": 0.5,
            "support": 3.0
        },
        "35": {
            "precision": 0.0,
            "recall": 0.0,
            "f1-score": 0.0,
            "support": 1.0
        },
        "36": {
            "precision": 1.0,
            "recall": 1.0,
            "f1-score": 1.0,
            "support": 2.0
        },
        "38": {
            "precision": 0.0,
            "recall": 0.0,
            "f1-score": 0.0,
            "support": 1.0
        },
        "40": {
            "precision": 0.0,
            "recall": 0.0,
            "f1-score": 0.0,
            "support": 1.0
        },
        "42": {
            "precision": 0.0,
            "recall": 0.0,
            "f1-score": 0.0,
            "support": 1.0
        },
        "44": {
            "precision": 1.0,
            "recall": 0.75,
            "f1-score": 0.8571428571428571,
            "support": 4.0
        },
        "45": {
            "precision": 0.0,
            "recall": 0.0,
            "f1-score": 0.0,
            "support": 1.0
        },
        "46": {
            "precision": 0.0,
            "recall": 0.0,
            "f1-score": 0.0,
            "support": 0.0
        },
        "47": {
            "precision": 0.75,
            "recall": 1.0,
            "f1-score": 0.8571428571428571,
            "support": 3.0
        },
        "48": {
            "precision": 0.0,
            "recall": 0.0,
            "f1-score": 0.0,
            "support": 1.0
        },
        "50": {
            "precision": 0.0,
            "recall": 0.0,
            "f1-score": 0.0,
            "support": 1.0
        },
        "54": {
            "precision": 0.25,
            "recall": 0.3333333333333333,
            "f1-score": 0.2857142857142857,
            "support": 3.0
        },
        "58": {
            "precision": 0.0,
            "recall": 0.0,
            "f1-score": 0.0,
            "support": 1.0
        },
        "59": {
            "precision": 0.0,
            "recall": 0.0,
            "f1-score": 0.0,
            "support": 1.0
        },
        "62": {
            "precision": 0.0,
            "recall": 0.0,
            "f1-score": 0.0,
            "support": 1.0
        },
        "63": {
            "precision": 0.0,
            "recall": 0.0,
            "f1-score": 0.0,
            "support": 1.0
        },
        "71": {
            "precision": 0.0,
            "recall": 0.0,
            "f1-score": 0.0,
            "support": 1.0
        },
        "74": {
            "precision": 0.0,
            "recall": 0.0,
            "f1-score": 0.0,
            "support": 0.0
        },
        "76": {
            "precision": 1.0,
            "recall": 0.5,
            "f1-score": 0.6666666666666666,
            "support": 2.0
        },
        "77": {
            "precision": 1.0,
            "recall": 1.0,
            "f1-score": 1.0,
            "support": 1.0
        },
        "78": {
            "precision": 0.5555555555555556,
            "recall": 1.0,
            "f1-score": 0.7142857142857143,
            "support": 5.0
        },
        "79": {
            "precision": 0.8571428571428571,
            "recall": 0.8571428571428571,
            "f1-score": 0.8571428571428571,
            "support": 7.0
        },
        "80": {
            "precision": 0.0,
            "recall": 0.0,
            "f1-score": 0.0,
            "support": 1.0
        },
        "83": {
            "precision": 0.0,
            "recall": 0.0,
            "f1-score": 0.0,
            "support": 3.0
        },
        "84": {
            "precision": 0.0,
            "recall": 0.0,
            "f1-score": 0.0,
            "support": 2.0
        },
        "87": {
            "precision": 1.0,
            "recall": 0.5,
            "f1-score": 0.6666666666666666,
            "support": 2.0
        },
        "90": {
            "precision": 0.25,
            "recall": 1.0,
            "f1-score": 0.4,
            "support": 1.0
        },
        "94": {
            "precision": 0.25,
            "recall": 1.0,
            "f1-score": 0.4,
            "support": 1.0
        },
        "96": {
            "precision": 0.45454545454545453,
            "recall": 1.0,
            "f1-score": 0.625,
            "support": 5.0
        },
        "97": {
            "precision": 0.3333333333333333,
            "recall": 0.5,
            "f1-score": 0.4,
            "support": 2.0
        },
        "98": {
            "precision": 0.3333333333333333,
            "recall": 1.0,
            "f1-score": 0.5,
            "support": 1.0
        },
        "99": {
            "precision": 1.0,
            "recall": 0.3333333333333333,
            "f1-score": 0.5,
            "support": 9.0
        },